{
  "dates": {
    "maximum": "2021-05-02",
    "minimum": "2021-03-15"
  },
  "page": 1,
  "results": [
    {
      "adult": false,
      "backdrop_path": "/9yBVqNruk6Ykrwc32qrK2TIE5xw.jpg",
      "genre_ids": [
        14,
        28,
        12,
        878,
        53
      ],
      "id": 460465,
      "original_language": "en",
      "original_title": "Mortal Kombat",
      "overview": "Washed-up MMA fighter Cole Young, unaware of his heritage, and hunted by Emperor Shang Tsung's best warrior, Sub-Zero, seeks out and trains with Earth's greatest champions as he prepares to stand against the enemies of Outworld in a high stakes battle for the universe.",
      "popularity": 6382.461,
      "poster_path": "/xGuOF1T3WmPsAcQEQJfnG7Ud9f8.jpg",
      "release_date": "2021-04-07",
      "title": "Mortal Kombat",
      "video": false,
      "vote_average": 7.8,
      "vote_count": 2004
    },
    {
      "adult": false,
      "backdrop_path": "/inJjDhCjfhh3RtrJWBmmDqeuSYC.jpg",
      "genre_ids": [
        878,
        28,
        18
      ],
      "id": 399566,
      "original_language": "en",
      "original_title": "Godzilla vs. Kong",
      "overview": "In a time when monsters walk the Earth, humanity’s fight for its future sets Godzilla and Kong on a collision course that will see the two most powerful forces of nature on the planet collide in a spectacular battle for the ages.",
      "popularity": 3280.437,
      "poster_path": "/pgqgaUx1cJb5oZQQ5v0tNARCeBp.jpg",
      "release_date": "2021-03-24",
      "title": "Godzilla vs. Kong",
      "video": false,
      "vote_average": 8.2,
      "vote_count": 5218
    },
    {
      "adult": false,
      "backdrop_path": "/mYM8x2Atv4MaLulaV0KVJWI1Djv.jpg",
      "genre_ids": [
        28,
        80,
        53
      ],
      "id": 804435,
      "original_language": "en",
      "original_title": "Vanquish",
      "overview": "Victoria is a young mother trying to put her dark past as a Russian drug courier behind her, but retired cop Damon forces Victoria to do his bidding by holding her daughter hostage. Now, Victoria must use guns, guts and a motorcycle to take out a series of violent gangsters—or she may never see her child again.",
      "popularity": 3144.735,
      "poster_path": "/AoWY1gkcNzabh229Icboa1Ff0BM.jpg",
      "release_date": "2021-04-16",
      "title": "Vanquish",
      "video": false,
      "vote_average": 6.1,
      "vote_count": 47
    },
    {
      "adult": false,
      "backdrop_path": "/6zbKgwgaaCyyBXE4Sun4oWQfQmi.jpg",
      "genre_ids": [
        28,
        53,
        80
      ],
      "id": 615457,
      "original_language": "en",
      "original_title": "Nobody",
      "overview": "Hutch Mansell, a suburban dad, overlooked husband, nothing neighbor — a \"nobody.\" When two thieves break into his home one night, Hutch's unknown long-simmering rage is ignited and propels him on a brutal path that will uncover dark secrets he fought to leave behind.",
      "popularity": 2846.371,
      "poster_path": "/oBgWY00bEFeZ9N25wWVyuQddbAo.jpg",
      "release_date": "2021-03-26",
      "title": "Nobody",
      "video": false,
      "vote_average": 8.5,
      "vote_count": 1104
    },
    {
      "adult": false,
      "backdrop_path": "/3FVe3OAdgz060JaxIAaUl5lo6cx.jpg",
      "genre_ids": [
        16,
        28,
        12,
        14,
        18
      ],
      "id": 635302,
      "original_language": "ja",
      "original_title": "劇場版「鬼滅の刃」無限列車編",
      "overview": "Tanjirō Kamado, joined with Inosuke Hashibira, a boy raised by boars who wears a boar's head, and Zenitsu Agatsuma, a scared boy who reveals his true power when he sleeps, boards the Infinity Train on a new mission with the Fire Hashira, Kyōjurō Rengoku, to defeat a demon who has been tormenting the people and killing the demon slayers who oppose it!",
      "popularity": 2299.982,
      "poster_path": "/h8Rb9gBr48ODIwYUttZNYeMWeUU.jpg",
      "release_date": "2020-10-16",
      "title": "Demon Slayer -Kimetsu no Yaiba- The Movie: Mugen Train",
      "video": false,
      "vote_average": 8.3,
      "vote_count": 790
    },
    {
      "adult": false,
      "backdrop_path": "/zDq2pwPyt4xwSFHKUoNN2LohDWj.jpg",
      "genre_ids": [
        27
      ],
      "id": 632357,
      "original_language": "en",
      "original_title": "The Unholy",
      "overview": "Alice, a young hearing-impaired girl who, after a supposed visitation from the Virgin Mary, is inexplicably able to hear, speak and heal the sick. As word spreads and people from near and far flock to witness her miracles, a disgraced journalist hoping to revive his career visits the small New England town to investigate. When terrifying events begin to happen all around, he starts to question if these phenomena are the works of the Virgin Mary or something much more sinister.",
      "popularity": 2054.733,
      "poster_path": "/b4gYVcl8pParX8AjkN90iQrWrWO.jpg",
      "release_date": "2021-03-31",
      "title": "The Unholy",
      "video": false,
      "vote_average": 5.7,
      "vote_count": 66
    },
    {
      "adult": false,
      "backdrop_path": "/5Zv5KmgZzdIvXz2KC3n0MyecSNL.jpg",
      "genre_ids": [
        28,
        53,
        80
      ],
      "id": 634528,
      "original_language": "en",
      "original_title": "The Marksman",
      "overview": "Jim Hanson’s quiet life is suddenly disturbed by two people crossing the US/Mexico border – a woman and her young son – desperate to flee a Mexican cartel. After a shootout leaves the mother dead, Jim becomes the boy’s reluctant defender. He embraces his role as Miguel’s protector and will stop at nothing to get him to safety, as they go on the run from the relentless assassins.",
      "popularity": 1871.462,
      "poster_path": "/6vcDalR50RWa309vBH1NLmG2rjQ.jpg",
      "release_date": "2021-01-15",
      "title": "The Marksman",
      "video": false,
      "vote_average": 7.5,
      "vote_count": 343
    },
    {
      "adult": false,
      "backdrop_path": "/ovggmAOu1IbPGTQE8lg4lBasNC7.jpg",
      "genre_ids": [
        878,
        28,
        12,
        53
      ],
      "id": 412656,
      "original_language": "en",
      "original_title": "Chaos Walking",
      "overview": "Two unlikely companions embark on a perilous adventure through the badlands of an unexplored planet as they try to escape a dangerous and disorienting reality, where all inner thoughts are seen and heard by everyone.",
      "popularity": 1538.733,
      "poster_path": "/9kg73Mg8WJKlB9Y2SAJzeDKAnuB.jpg",
      "release_date": "2021-02-24",
      "title": "Chaos Walking",
      "video": false,
      "vote_average": 7.3,
      "vote_count": 509
    },
    {
      "adult": false,
      "backdrop_path": "/7prYzufdIOy1KCTZKVWpjBFqqNr.jpg",
      "genre_ids": [
        16,
        12,
        14,
        10751,
        28
      ],
      "id": 527774,
      "original_language": "en",
      "original_title": "Raya and the Last Dragon",
      "overview": "Long ago, in the fantasy world of Kumandra, humans and dragons lived together in harmony. But when an evil force threatened the land, the dragons sacrificed themselves to save humanity. Now, 500 years later, that same evil has returned and it’s up to a lone warrior, Raya, to track down the legendary last dragon to restore the fractured land and its divided people.",
      "popularity": 1517.68,
      "poster_path": "/lPsD10PP4rgUGiGR4CCXA6iY0QQ.jpg",
      "release_date": "2021-03-03",
      "title": "Raya and the Last Dragon",
      "video": false,
      "vote_average": 8.2,
      "vote_count": 2607
    },
    {
      "adult": false,
      "backdrop_path": "/z8TvnEVRenMSTemxYZwLGqFofgF.jpg",
      "genre_ids": [
        14,
        28,
        12
      ],
      "id": 458576,
      "original_language": "en",
      "original_title": "Monster Hunter",
      "overview": "A portal transports Cpt. Artemis and an elite unit of soldiers to a strange world where powerful monsters rule with deadly ferocity. Faced with relentless danger, the team encounters a mysterious hunter who may be their only hope to find a way home.",
      "popularity": 1118.324,
      "poster_path": "/1UCOF11QCw8kcqvce8LKOO6pimh.jpg",
      "release_date": "2020-12-03",
      "title": "Monster Hunter",
      "video": false,
      "vote_average": 7.1,
      "vote_count": 1572
    },
    {
      "adult": false,
      "backdrop_path": "/9ns9463dwOeo1CK1JU2wirL5Yi1.jpg",
      "genre_ids": [
        35,
        10751,
        16
      ],
      "id": 587807,
      "original_language": "en",
      "original_title": "Tom & Jerry",
      "overview": "Tom the cat and Jerry the mouse get kicked out of their home and relocate to a fancy New York hotel, where a scrappy employee named Kayla will lose her job if she can’t evict Jerry before a high-class wedding at the hotel. Her solution? Hiring Tom to get rid of the pesky mouse.",
      "popularity": 941.781,
      "poster_path": "/yMoMlJo2msoVwmuf6k1C78MrB3H.jpg",
      "release_date": "2021-02-11",
      "title": "Tom & Jerry",
      "video": false,
      "vote_average": 7.3,
      "vote_count": 1286
    },
    {
      "adult": false,
      "backdrop_path": "/jnq4fV53Px9HvUZD2bQIxtGSwS7.jpg",
      "genre_ids": [
        80,
        18,
        28
      ],
      "id": 644083,
      "original_language": "en",
      "original_title": "Twist",
      "overview": "A Dickens classic brought thrillingly up to date in the teeming heartland of modern London, where a group of street smart young hustlers plan the heist of the century for the ultimate payday.",
      "popularity": 745.778,
      "poster_path": "/h3oT6lZcYC2khtZnzHBgqthj5W.jpg",
      "release_date": "2021-01-22",
      "title": "Twist",
      "video": false,
      "vote_average": 6.9,
      "vote_count": 53
    },
    {
      "adult": false,
      "backdrop_path": "/cjaOSjsjV6cl3uXdJqimktT880L.jpg",
      "genre_ids": [
        10751,
        14,
        16,
        35
      ],
      "id": 529203,
      "original_language": "en",
      "original_title": "The Croods: A New Age",
      "overview": "Searching for a safer habitat, the prehistoric Crood family discovers an idyllic, walled-in paradise that meets all of its needs. Unfortunately, they must also learn to live with the Bettermans -- a family that's a couple of steps above the Croods on the evolutionary ladder. As tensions between the new neighbors start to rise, a new threat soon propels both clans on an epic adventure that forces them to embrace their differences, draw strength from one another, and survive together.",
      "popularity": 610.066,
      "poster_path": "/tbVZ3Sq88dZaCANlUcewQuHQOaE.jpg",
      "release_date": "2020-11-25",
      "title": "The Croods: A New Age",
      "video": false,
      "vote_average": 7.5,
      "vote_count": 2031
    },
    {
      "adult": false,
      "backdrop_path": "/a9zFUuxzChmAlIybVge9IZt1hH0.jpg",
      "genre_ids": [
        35
      ],
      "id": 578908,
      "original_language": "en",
      "original_title": "Bad Trip",
      "overview": "Two pals embark on a road trip full of funny pranks that pull real people into mayhem.",
      "popularity": 577.672,
      "poster_path": "/A1Gy5HX3DKGaNW1Ay30NTIVJqJ6.jpg",
      "release_date": "2021-03-26",
      "title": "Bad Trip",
      "video": false,
      "vote_average": 5.9,
      "vote_count": 189
    },
    {
      "adult": false,
      "backdrop_path": "/nz8xWrTKZzA5A7FgxaM4kfAoO1W.jpg",
      "genre_ids": [
        878,
        28
      ],
      "id": 651571,
      "original_language": "en",
      "original_title": "Breach",
      "overview": "A hardened mechanic must stay awake and maintain an interstellar ark fleeing the dying planet Earth with a few thousand lucky souls on board... the last of humanity. Unfortunately, humans are not the only passengers. A shapeshifting alien creature has taken residence, its only goal is to kill as many people as possible. The crew must think quickly to stop this menace before it destroys mankind.",
      "popularity": 510.207,
      "poster_path": "/13B6onhL6FzSN2KaNeQeMML05pS.jpg",
      "release_date": "2020-12-17",
      "title": "Breach",
      "video": false,
      "vote_average": 4.5,
      "vote_count": 387
    },
    {
      "adult": false,
      "backdrop_path": "/9Is9OrQUnKczCfsLSbsbx8YSmES.jpg",
      "genre_ids": [
        16,
        35,
        14
      ],
      "id": 797394,
      "original_language": "ru",
      "original_title": "Ганзель, Гретель и Агентство Магии",
      "overview": "The Secret Magic Control Agency sends its two best agents, Hansel and Gretel, to fight against the witch of the Gingerbread House.",
      "popularity": 401.594,
      "poster_path": "/4ZSzEDVdxWVMVO4oZDvoodQOEfr.jpg",
      "release_date": "2021-03-18",
      "title": "Secret Magic Control Agency",
      "video": false,
      "vote_average": 7.2,
      "vote_count": 125
    },
    {
      "adult": false,
      "backdrop_path": "/bjjZXrP8PEdFeJkKERc62xlarMI.jpg",
      "genre_ids": [
        18,
        37
      ],
      "id": 581734,
      "original_language": "en",
      "original_title": "Nomadland",
      "overview": "A woman in her sixties embarks on a journey through the western United States after losing everything in the Great Recession, living as a van-dwelling modern-day nomad.",
      "popularity": 368.018,
      "poster_path": "/66GUmWpTHgAjyp4aBSXy63PZTiC.jpg",
      "release_date": "2021-01-29",
      "title": "Nomadland",
      "video": false,
      "vote_average": 7.4,
      "vote_count": 824
    },
    {
      "adult": false,
      "backdrop_path": "/vQJ3yBdF91tzd73G8seL5bOxfvG.jpg",
      "genre_ids": [
        53,
        27,
        18
      ],
      "id": 599281,
      "original_language": "en",
      "original_title": "Fear of Rain",
      "overview": "A teenage girl living with schizophrenia begins to suspect her neighbor has kidnapped a child. Her parents try desperately to help her live a normal life, without exposing their own tragic secrets, and the only person who believes her is Caleb – a boy she isn’t even sure exists.",
      "popularity": 337.494,
      "poster_path": "/b2shaNA4F8zNIwoRYr33lPTiFfl.jpg",
      "release_date": "2021-02-12",
      "title": "Fear of Rain",
      "video": false,
      "vote_average": 7.3,
      "vote_count": 214
    },
    {
      "adult": false,
      "backdrop_path": "/7TxeZVg2evMG42p0uSbMJpWNQ8A.jpg",
      "genre_ids": [
        10751,
        16,
        14
      ],
      "id": 520946,
      "original_language": "en",
      "original_title": "100% Wolf",
      "overview": "Freddy Lupin, heir to a proud family line of werewolves, is in for a shock when on his 14th birthday his first 'warfing' goes awry, turning him into a ferocious poodle. The pack elders give Freddy until the next moonrise to prove he has the heart of a wolf, or risk being cast out forever. With the help of an unlikely ally in a streetwise stray named Batty, Freddy must prove he's 100% Wolf.",
      "popularity": 323.859,
      "poster_path": "/2VrvxK4yxNCU6KVgo5TADJeBEQu.jpg",
      "release_date": "2020-06-26",
      "title": "100% Wolf",
      "video": false,
      "vote_average": 5.7,
      "vote_count": 145
    },
    {
      "adult": false,
      "backdrop_path": "/c7dFSqZQYqNNJVpacpIGZe3gkLW.jpg",
      "genre_ids": [
        16,
        35,
        14
      ],
      "id": 813258,
      "original_language": "en",
      "original_title": "Monster Pets: A Hotel Transylvania Short",
      "overview": "Drac tries out some new monster pets to help occupy Tinkles for playtime.",
      "popularity": 293.019,
      "poster_path": "/dkokENeY5Ka30BFgWAqk14mbnGs.jpg",
      "release_date": "2021-04-02",
      "title": "Monster Pets: A Hotel Transylvania Short",
      "video": false,
      "vote_average": 7.6,
      "vote_count": 62
    }
  ],
  "total_pages": 50,
  "total_results": 992
}