{
  "page": 1,
  "results": [
    {
      "backdrop_path": "/z59kJfcElR9eHO9rJbWp4qWMuee.jpg",
      "first_air_date": "2014-10-07",
      "genre_ids": [
        18,
        10765
      ],
      "id": 60735,
      "name": "The Flash",
      "origin_country": [
        "US"
      ],
      "original_language": "en",
      "original_name": "The Flash",
      "overview": "After a particle accelerator causes a freak storm, CSI Investigator Barry Allen is struck by lightning and falls into a coma. Months later he awakens with the power of super speed, granting him the ability to move through Central City like an unseen guardian angel. Though initially excited by his newfound powers, Barry is shocked to discover he is not the only \"meta-human\" who was created in the wake of the accelerator explosion -- and not everyone is using their new powers for good. Barry partners with S.T.A.R. Labs and dedicates his life to protect the innocent. For now, only a few close friends and associates know that Barry is literally the fastest man alive, but it won't be long before the world learns what Barry Allen has become...The Flash.",
      "popularity": 1278.126,
      "poster_path": "/lJA2RCMfsWoskqlQhXPSLFQGXEJ.jpg",
      "vote_average": 7.7,
      "vote_count": 7492
    },
    {
      "backdrop_path": "/lKGi8u6l5PJVSAdOazHjt0n3wHZ.jpg",
      "first_air_date": "2018-06-12",
      "genre_ids": [
        18
      ],
      "id": 80240,
      "name": "The Queen of Flow",
      "origin_country": [
        "CO"
      ],
      "original_language": "es",
      "original_name": "La Reina del Flow",
      "overview": "After spending seventeen years in prison unfairly, a talented songwriter seeks revenge on the men who sank her and killed her family.",
      "popularity": 399.76,
      "poster_path": "/3T5mSuziI0TMa7z9R5w3vNl2qok.jpg",
      "vote_average": 7.9,
      "vote_count": 684
    },
    {
      "backdrop_path": "/hpU2cHC9tk90hswCFEpf5AtbqoL.jpg",
      "first_air_date": "1989-12-17",
      "genre_ids": [
        10751,
        16,
        35
      ],
      "id": 456,
      "name": "The Simpsons",
      "origin_country": [
        "US"
      ],
      "original_language": "en",
      "original_name": "The Simpsons",
      "overview": "Set in Springfield, the average American town, the show focuses on the antics and everyday adventures of the Simpson family; Homer, Marge, Bart, Lisa and Maggie, as well as a virtual cast of thousands. Since the beginning, the series has been a pop culture icon, attracting hundreds of celebrities to guest star. The show has also made name for itself in its fearless satirical take on politics, media and American life in general.",
      "popularity": 332.408,
      "poster_path": "/2IWouZK4gkgHhJa3oyYuSWfSqbG.jpg",
      "vote_average": 7.8,
      "vote_count": 6469
    },
    {
      "backdrop_path": "/exZrSuXA05mhklSSoZ65wT6xeNZ.jpg",
      "first_air_date": "2014-09-27",
      "genre_ids": [
        10764
      ],
      "id": 66084,
      "name": "Acapulco Shore",
      "origin_country": [
        "MX"
      ],
      "original_language": "es",
      "original_name": "Acapulco Shore",
      "overview": "A reality-based look at the vapid lives of several Mexican 20-somethings and their respective friends and/or hook-ups during their stay in Acapulco for a Summer vacation.",
      "popularity": 253.31,
      "poster_path": "/fSRyd3ZNZY41awncagc8oqV739M.jpg",
      "vote_average": 8,
      "vote_count": 537
    },
    {
      "backdrop_path": "/jgb9xICHFX8wTGQ75js4uNbttQs.jpg",
      "first_air_date": "2015-10-26",
      "genre_ids": [
        18,
        10765,
        10759
      ],
      "id": 62688,
      "name": "Supergirl",
      "origin_country": [
        "US"
      ],
      "original_language": "en",
      "original_name": "Supergirl",
      "overview": "Twenty-four-year-old Kara Zor-El, who was taken in by the Danvers family when she was 13 after being sent away from Krypton, must learn to embrace her powers after previously hiding them. The Danvers teach her to be careful with her powers, until she has to reveal them during an unexpected disaster, setting her on her journey of heroism.",
      "popularity": 252.667,
      "poster_path": "/zsaiq8ZclPuneuN7loLEbsh1ANJ.jpg",
      "vote_average": 7.3,
      "vote_count": 3013
    },
    {
      "backdrop_path": "/jWXrQstj7p3Wl5MfYWY6IHqRpDb.jpg",
      "first_air_date": "1952-12-26",
      "genre_ids": [
        10763
      ],
      "id": 94722,
      "name": "Tagesschau",
      "origin_country": [
        "DE"
      ],
      "original_language": "de",
      "original_name": "Tagesschau",
      "overview": "German daily news program, the oldest still existing program on German television.",
      "popularity": 249.524,
      "poster_path": "/7dFZJ2ZJJdcmkp05B9NWlqTJ5tq.jpg",
      "vote_average": 6.2,
      "vote_count": 5
    },
    {
      "backdrop_path": "/yD1R7QCNqrcaf15AxkLbgRLI9Dz.jpg",
      "first_air_date": "2003-09-23",
      "genre_ids": [
        80,
        10759,
        18
      ],
      "id": 4614,
      "name": "NCIS",
      "origin_country": [
        "US"
      ],
      "original_language": "en",
      "original_name": "NCIS",
      "overview": "From murder and espionage to terrorism and stolen submarines, a team of special agents investigates any crime that has a shred of evidence connected to Navy and Marine Corps personnel, regardless of rank or position.",
      "popularity": 221.599,
      "poster_path": "/fi8EvaWtL5CvoielOjjVvTr7ux3.jpg",
      "vote_average": 7.4,
      "vote_count": 1475
    },
    {
      "backdrop_path": "/9XUIsRUB7V3iEoLSKxZCqPvbKKW.jpg",
      "first_air_date": "2018-09-04",
      "genre_ids": [
        80,
        18
      ],
      "id": 76231,
      "name": "Mayans M.C.",
      "origin_country": [
        "US"
      ],
      "original_language": "en",
      "original_name": "Mayans M.C.",
      "overview": "Set in the aftermath of Jax Teller’s death, Ezekiel \"EZ\" Reyes is fresh out of prison and a prospect in the Mayans M.C. charter on the Cali/Mexi border. Now, EZ must carve out his new identity in a town where he was once the golden boy with the American Dream in his grasp.",
      "popularity": 213.614,
      "poster_path": "/gaKhfksFK24N19bjlFpJxamYZ02.jpg",
      "vote_average": 7.9,
      "vote_count": 181
    },
    {
      "backdrop_path": "/f9eLOgAiN8x7nFXbedYxb3KCKxR.jpg",
      "first_air_date": "2014-01-08",
      "genre_ids": [
        80,
        18
      ],
      "id": 58841,
      "name": "Chicago P.D.",
      "origin_country": [
        "US"
      ],
      "original_language": "en",
      "original_name": "Chicago P.D.",
      "overview": "A riveting police drama about the men and women of the Chicago Police Department's District 21 who put it all on the line to serve and protect their community. District 21 is made up of two distinctly different groups: the uniformed cops who patrol the beat and go head-to-head with the city's street crimes and the Intelligence Unit that combats the city's major offenses - organized crime, drug trafficking, high profile murders and beyond.",
      "popularity": 195.895,
      "poster_path": "/OlPR1kctwXzSUJQkZINDDhNlHV.jpg",
      "vote_average": 8.4,
      "vote_count": 1423
    },
    {
      "backdrop_path": "/W5geO8tq68ng4TsXyZ81phcPiz.jpg",
      "first_air_date": "2012-10-10",
      "genre_ids": [
        18
      ],
      "id": 44006,
      "name": "Chicago Fire",
      "origin_country": [
        "US"
      ],
      "original_language": "en",
      "original_name": "Chicago Fire",
      "overview": "An edge-of-your-seat view into the lives of everyday heroes committed to one of America's noblest professions. For the firefighters, rescue squad and paramedics of Chicago Firehouse 51, no occupation is more stressful or dangerous, yet so rewarding and exhilarating. These courageous men and women are among the elite who forge headfirst into danger when everyone else is running the other way and whose actions make the difference between life and death.",
      "popularity": 185.554,
      "poster_path": "/6AccYL0eb7uzHn98IKaNjvJbyuA.jpg",
      "vote_average": 8.3,
      "vote_count": 1335
    },
    {
      "backdrop_path": "/hNiGqLsiD30C194lci7VYDmciHD.jpg",
      "first_air_date": "2017-04-26",
      "genre_ids": [
        10765,
        18
      ],
      "id": 69478,
      "name": "The Handmaid's Tale",
      "origin_country": [
        "US"
      ],
      "original_language": "en",
      "original_name": "The Handmaid's Tale",
      "overview": "Set in a dystopian future, a woman is forced to live as a concubine under a fundamentalist theocratic dictatorship. A TV adaptation of Margaret Atwood's novel.",
      "popularity": 181.655,
      "poster_path": "/oIkxqt6ug5zT5ZSUUyc1Iqopf02.jpg",
      "vote_average": 8.2,
      "vote_count": 1288
    },
    {
      "backdrop_path": "/uyilhJ7MBLjiaQXboaEwe44Z0jA.jpg",
      "first_air_date": "1996-07-22",
      "genre_ids": [
        10763,
        35
      ],
      "id": 2224,
      "name": "The Daily Show with Trevor Noah",
      "origin_country": [
        "US"
      ],
      "original_language": "en",
      "original_name": "The Daily Show with Trevor Noah",
      "overview": "Trevor Noah and The World's Fakest News Team tackle the biggest stories in news, politics and pop culture.",
      "popularity": 167.039,
      "poster_path": "/nz5fAg1OomLZ7fxiM4RnLbJxppc.jpg",
      "vote_average": 6.4,
      "vote_count": 337
    },
    {
      "backdrop_path": "/kXdfhKazlnRhnyc687DDdZJPaoJ.jpg",
      "first_air_date": "2018-09-25",
      "genre_ids": [
        18
      ],
      "id": 80350,
      "name": "New Amsterdam",
      "origin_country": [
        "US"
      ],
      "original_language": "en",
      "original_name": "New Amsterdam",
      "overview": "Dr. Max Goodwin, the hospital's newest medical director, sets out to tear up the bureaucracy and provide exceptional care.",
      "popularity": 164.625,
      "poster_path": "/wKTAz8fkoXJoHqPpi4ArAUGDtco.jpg",
      "vote_average": 8.4,
      "vote_count": 347
    },
    {
      "backdrop_path": "/6lOtF3yx8iurvaBVz1ZVhwcRgmD.jpg",
      "first_air_date": "2017-09-27",
      "genre_ids": [
        10759,
        18,
        10768
      ],
      "id": 71789,
      "name": "SEAL Team",
      "origin_country": [
        "US"
      ],
      "original_language": "en",
      "original_name": "SEAL Team",
      "overview": "The lives of the elite Navy Seals as they train, plan and execute the most dangerous, high-stakes missions our country can ask.",
      "popularity": 159.129,
      "poster_path": "/uTSLeQTeHevt4fplegmQ6bOnE0Z.jpg",
      "vote_average": 7.8,
      "vote_count": 897
    },
    {
      "backdrop_path": "/AuY5Wuiwgc2CeuzM0I2poSe4E0x.jpg",
      "first_air_date": "2017-11-02",
      "genre_ids": [
        10759,
        80,
        18
      ],
      "id": 71790,
      "name": "S.W.A.T.",
      "origin_country": [
        "US"
      ],
      "original_language": "en",
      "original_name": "S.W.A.T.",
      "overview": "A locally born and bred S.W.A.T. lieutenant is torn between loyalty to the streets and duty to his fellow officers when he's tasked to run a highly-trained unit that's the last stop for solving crimes in Los Angeles.",
      "popularity": 152.879,
      "poster_path": "/ushSkKB8aeLsyyW2c7S7CCmEmRA.jpg",
      "vote_average": 7.8,
      "vote_count": 451
    },
    {
      "backdrop_path": "/2Ib8kvWa9gGhJrAfGlhIvbmtbWn.jpg",
      "first_air_date": "2010-11-08",
      "genre_ids": [
        10767,
        35,
        10763
      ],
      "id": 32415,
      "name": "Conan",
      "origin_country": [
        "US"
      ],
      "original_language": "en",
      "original_name": "Conan",
      "overview": "A late night television talk show hosted by  Conan O'Brien.",
      "popularity": 133.28,
      "poster_path": "/e0QI3XHKO0n70U3mxBdHf8uoxie.jpg",
      "vote_average": 7.3,
      "vote_count": 130
    },
    {
      "backdrop_path": "/sHjNS2lYyEjwjjQXTZmdyMJ29bI.jpg",
      "first_air_date": "2015-11-17",
      "genre_ids": [
        18
      ],
      "id": 62650,
      "name": "Chicago Med",
      "origin_country": [
        "US"
      ],
      "original_language": "en",
      "original_name": "Chicago Med",
      "overview": "An emotional thrill ride through the day-to-day chaos of the city's most explosive hospital and the courageous team of doctors who hold it together. They will tackle unique new cases inspired by topical events, forging fiery relationships in the pulse-pounding pandemonium of the emergency room.",
      "popularity": 129.413,
      "poster_path": "/8mFhW6fJlapqq3cmQjxcG5h4KFa.jpg",
      "vote_average": 8.3,
      "vote_count": 635
    },
    {
      "backdrop_path": "/Wu8kh7oyvaIfkNyMJyJHCamh5L.jpg",
      "first_air_date": "2020-12-04",
      "genre_ids": [
        18
      ],
      "id": 97180,
      "name": "Selena: The Series",
      "origin_country": [
        "US"
      ],
      "original_language": "en",
      "original_name": "Selena: The Series",
      "overview": "As Mexican-American Tejano singer Selena comes of age and realizes her dreams, she and her family make tough choices to hold on to love and music.",
      "popularity": 126.381,
      "poster_path": "/mYsWyfiIMxx4HDm0Wck7oJ9ckez.jpg",
      "vote_average": 7.4,
      "vote_count": 1198
    },
    {
      "backdrop_path": "/stD2BtJHwc8xolJVtglrETEjD57.jpg",
      "first_air_date": "2018-09-25",
      "genre_ids": [
        80,
        18,
        10759
      ],
      "id": 80748,
      "name": "FBI",
      "origin_country": [
        "US"
      ],
      "original_language": "en",
      "original_name": "FBI",
      "overview": "The New York office of the FBI brings to bear all their talents, intellect and technical expertise on major cases in order to keep their city and the country safe.",
      "popularity": 117.385,
      "poster_path": "/7aWmC7BjwBFgIKA77VqrXyRPicJ.jpg",
      "vote_average": 7.9,
      "vote_count": 453
    },
    {
      "backdrop_path": "/mJHSbFtVwYafbGYOuGueFrIqXYl.jpg",
      "first_air_date": "2021-04-07",
      "genre_ids": [
        16,
        35,
        10759,
        10765
      ],
      "id": 114198,
      "name": "Full Dive: This Ultimate Next-Gen Full Dive RPG is Even Shittier than Real Life!",
      "origin_country": [
        "JP"
      ],
      "original_language": "ja",
      "original_name": "究極進化したフルダイブRPGが現実よりもクソゲーだったら",
      "overview": "In an unexpected turn of events, dull high school student Hiro Yuuki obtains the full dive role-playing game Kiwame Quest. Created by the best of technology, the game claims to take \"reality to its extremes,\" from stunning graphics, NPCs' behavior, to the scent of vegetation, and even the sensation of wind brushing against the skin—everything was the result of an ultimate workmanship.\n\nExcept, the game is a little too realistic and messy to clear. Kiwame Quest features over ten quadrillion flags and reflects the players' real-life physical abilities in the game. Being hit in the game also hurts in real life and slash wounds take days to heal.\n\nThe only reward here is the sense of accomplishment. Conquer the most stressful game in history that can't be played casually!",
      "popularity": 113.569,
      "poster_path": "/6pRbPIGuBAZDjblqhDl6U4CUQxI.jpg",
      "vote_average": 0,
      "vote_count": 0
    }
  ],
  "total_pages": 21,
  "total_results": 417
}